"rt","url","trial_type","trial_index","time_elapsed","internal_node_id","subject","IP","country_code","view_history","stimulus","key_press","stimulus_type","correct","responses","stim_type"
"3857","ad.html","external-html","0","4078","0.0-0.0","MT-A1C5SQZ045W0L5","69.172.201.153","US","","","","","","",""
"124217","","instructions","1","128299","0.0-1.0","MT-A1C5SQZ045W0L5","69.172.201.153","US","[{""page_index"":0,""viewing_time"":124214}]","","","","","",""
"6937","","audio-keyboard-response","2","137283","0.0-2.0","MT-A1C5SQZ045W0L5","69.172.201.153","US","","snd/letter.wav","81","congruent","true","",""
"6881","","survey-multi-select","3","144182","0.0-3.0","MT-A1C5SQZ045W0L5","69.172.201.153","US","","","","","","{""Q0"":[""English""]}",""
"26643","","html-keyboard-response","4","170834","0.0-4.0","MT-A1C5SQZ045W0L5","69.172.201.153","US","","<p>In each of the following trials, you will hear one syllable.</p><p>After you have heard the syllable, please indicate the <strong>identity</strong> of the perceived syllable,i.e., which syllable you think you heard,</p><p>You will then hear the syllable again once.</p><p>Then, please indicate how <strong>prototypical</strong> is the syllable of the pereived identity on a scale from 1 to 7</p><p></p><p><mark>Press any key to begin.</mark></p>","32","","","",""
"null","","html-keyboard-response","5","171340","0.0-5.0-0.0","MT-A1C5SQZ045W0L5","69.172.201.153","US","","<p>next syllable</p>","null","","","",""
"null","","audio-keyboard-response","6","171804","0.0-5.0-1.0","MT-A1C5SQZ045W0L5","69.172.201.153","US","","snd/ku.wav","null","","","",""
"null","","audio-keyboard-response","7","172555","0.0-5.0-2.0-0.0","MT-A1C5SQZ045W0L5","69.172.201.153","US","","snd/ku.wav","null","","","",""
"8898","","html-keyboard-response","8","181455","0.0-5.0-2.0-1.0","MT-A1C5SQZ045W0L5","69.172.201.153","US","","<p><strong>r</strong> to repeat,<br> <strong>any other</strong> to continue</p>","82","","","",""
"null","","audio-keyboard-response","9","181708","0.0-5.0-2.1-0.1","MT-A1C5SQZ045W0L5","69.172.201.153","US","","snd/ku.wav","null","","","",""
"6128","","html-keyboard-response","10","187837","0.0-5.0-2.1-1.1","MT-A1C5SQZ045W0L5","69.172.201.153","US","","<p><strong>r</strong> to repeat,<br> <strong>any other</strong> to continue</p>","71","","","",""
"14678","","survey-text","11","202519","0.0-5.0-3.0","MT-A1C5SQZ045W0L5","69.172.201.153","US","","","","","","{""Q0"":""who""}",""
"10005","","audio-keyboard-response","12","212530","0.0-5.0-4.0","MT-A1C5SQZ045W0L5","69.172.201.153","US","","snd/ku.wav","52","","","","typicality"
"null","","html-keyboard-response","13","213536","0.0-5.0-0.1","MT-A1C5SQZ045W0L5","69.172.201.153","US","","<p>next syllable</p>","null","","","",""
"null","","audio-keyboard-response","14","213789","0.0-5.0-1.1","MT-A1C5SQZ045W0L5","69.172.201.153","US","","snd/mu1_0.wav","null","","","",""
"null","","audio-keyboard-response","15","214540","0.0-5.0-2.2-0.2","MT-A1C5SQZ045W0L5","69.172.201.153","US","","snd/mu1_0.wav","null","","","",""
"6968","","html-keyboard-response","16","221509","0.0-5.0-2.2-1.2","MT-A1C5SQZ045W0L5","69.172.201.153","US","","<p><strong>r</strong> to repeat,<br> <strong>any other</strong> to continue</p>","70","","","",""
"9655","","survey-text","17","231167","0.0-5.0-3.1","MT-A1C5SQZ045W0L5","69.172.201.153","US","","","","","","{""Q0"":""mu""}",""
"13296","","audio-keyboard-response","18","244469","0.0-5.0-4.1","MT-A1C5SQZ045W0L5","69.172.201.153","US","","snd/mu1_0.wav","52","","","","typicality"
"null","","html-keyboard-response","19","245476","0.0-5.0-0.2","MT-A1C5SQZ045W0L5","69.172.201.153","US","","<p>next syllable</p>","null","","","",""
"null","","audio-keyboard-response","20","245696","0.0-5.0-1.2","MT-A1C5SQZ045W0L5","69.172.201.153","US","","snd/ti.wav","null","","","",""
"null","","audio-keyboard-response","21","246418","0.0-5.0-2.3-0.3","MT-A1C5SQZ045W0L5","69.172.201.153","US","","snd/ti.wav","null","","","",""
"2682","","html-keyboard-response","22","249101","0.0-5.0-2.3-1.3","MT-A1C5SQZ045W0L5","69.172.201.153","US","","<p><strong>r</strong> to repeat,<br> <strong>any other</strong> to continue</p>","82","","","",""
"null","","audio-keyboard-response","23","249323","0.0-5.0-2.4-0.4","MT-A1C5SQZ045W0L5","69.172.201.153","US","","snd/ti.wav","null","","","",""
"2753","","html-keyboard-response","24","252077","0.0-5.0-2.4-1.4","MT-A1C5SQZ045W0L5","69.172.201.153","US","","<p><strong>r</strong> to repeat,<br> <strong>any other</strong> to continue</p>","82","","","",""
"null","","audio-keyboard-response","25","252299","0.0-5.0-2.5-0.5","MT-A1C5SQZ045W0L5","69.172.201.153","US","","snd/ti.wav","null","","","",""
"2472","","html-keyboard-response","26","254773","0.0-5.0-2.5-1.5","MT-A1C5SQZ045W0L5","69.172.201.153","US","","<p><strong>r</strong> to repeat,<br> <strong>any other</strong> to continue</p>","71","","","",""
"15451","","survey-text","27","270227","0.0-5.0-3.2","MT-A1C5SQZ045W0L5","69.172.201.153","US","","","","","","{""Q0"":""dee""}",""
"5181","","audio-keyboard-response","28","275415","0.0-5.0-4.2","MT-A1C5SQZ045W0L5","69.172.201.153","US","","snd/ti.wav","53","","","","typicality"
"null","","html-keyboard-response","29","276419","0.0-5.0-0.3","MT-A1C5SQZ045W0L5","69.172.201.153","US","","<p>next syllable</p>","null","","","",""
"null","","audio-keyboard-response","30","276668","0.0-5.0-1.3","MT-A1C5SQZ045W0L5","69.172.201.153","US","","snd/la.wav","null","","","",""
"null","","audio-keyboard-response","31","277420","0.0-5.0-2.6-0.6","MT-A1C5SQZ045W0L5","69.172.201.153","US","","snd/la.wav","null","","","",""
"1722","","html-keyboard-response","32","279144","0.0-5.0-2.6-1.6","MT-A1C5SQZ045W0L5","69.172.201.153","US","","<p><strong>r</strong> to repeat,<br> <strong>any other</strong> to continue</p>","70","","","",""
"5437","","survey-text","33","284583","0.0-5.0-3.3","MT-A1C5SQZ045W0L5","69.172.201.153","US","","","","","","{""Q0"":""la""}",""
"2894","","audio-keyboard-response","34","287485","0.0-5.0-4.3","MT-A1C5SQZ045W0L5","69.172.201.153","US","","snd/la.wav","55","","","","typicality"
"null","","html-keyboard-response","35","288493","0.0-5.0-0.4","MT-A1C5SQZ045W0L5","69.172.201.153","US","","<p>next syllable</p>","null","","","",""
"null","","audio-keyboard-response","36","288746","0.0-5.0-1.4","MT-A1C5SQZ045W0L5","69.172.201.153","US","","snd/fu.wav","null","","","",""
"null","","audio-keyboard-response","37","289498","0.0-5.0-2.7-0.7","MT-A1C5SQZ045W0L5","69.172.201.153","US","","snd/fu.wav","null","","","",""
"4146","","html-keyboard-response","38","293645","0.0-5.0-2.7-1.7","MT-A1C5SQZ045W0L5","69.172.201.153","US","","<p><strong>r</strong> to repeat,<br> <strong>any other</strong> to continue</p>","70","","","",""
"7398","","survey-text","39","301047","0.0-5.0-3.4","MT-A1C5SQZ045W0L5","69.172.201.153","US","","","","","","{""Q0"":""fu""}",""
"4116","","audio-keyboard-response","40","305171","0.0-5.0-4.4","MT-A1C5SQZ045W0L5","69.172.201.153","US","","snd/fu.wav","52","","","","typicality"
"null","","html-keyboard-response","41","306181","0.0-5.0-0.5","MT-A1C5SQZ045W0L5","69.172.201.153","US","","<p>next syllable</p>","null","","","",""
"null","","audio-keyboard-response","42","306432","0.0-5.0-1.5","MT-A1C5SQZ045W0L5","69.172.201.153","US","","snd/lo.wav","null","","","",""
"null","","audio-keyboard-response","43","307194","0.0-5.0-2.8-0.8","MT-A1C5SQZ045W0L5","69.172.201.153","US","","snd/lo.wav","null","","","",""
"2218","","html-keyboard-response","44","309414","0.0-5.0-2.8-1.8","MT-A1C5SQZ045W0L5","69.172.201.153","US","","<p><strong>r</strong> to repeat,<br> <strong>any other</strong> to continue</p>","76","","","",""
"6855","","survey-text","45","316272","0.0-5.0-3.5","MT-A1C5SQZ045W0L5","69.172.201.153","US","","","","","","{""Q0"":""low""}",""
"4754","","audio-keyboard-response","46","321024","0.0-5.0-4.5","MT-A1C5SQZ045W0L5","69.172.201.153","US","","snd/lo.wav","51","","","","typicality"
"null","","html-keyboard-response","47","322036","0.0-5.0-0.6","MT-A1C5SQZ045W0L5","69.172.201.153","US","","<p>next syllable</p>","null","","","",""
"null","","audio-keyboard-response","48","322289","0.0-5.0-1.6","MT-A1C5SQZ045W0L5","69.172.201.153","US","","snd/ni.wav","null","","","",""
"null","","audio-keyboard-response","49","323041","0.0-5.0-2.9-0.9","MT-A1C5SQZ045W0L5","69.172.201.153","US","","snd/ni.wav","null","","","",""
"2826","","html-keyboard-response","50","325869","0.0-5.0-2.9-1.9","MT-A1C5SQZ045W0L5","69.172.201.153","US","","<p><strong>r</strong> to repeat,<br> <strong>any other</strong> to continue</p>","71","","","",""
"4434","","survey-text","51","330306","0.0-5.0-3.6","MT-A1C5SQZ045W0L5","69.172.201.153","US","","","","","","{""Q0"":""me""}",""
"2612","","audio-keyboard-response","52","332925","0.0-5.0-4.6","MT-A1C5SQZ045W0L5","69.172.201.153","US","","snd/ni.wav","55","","","","typicality"
"null","","html-keyboard-response","53","333938","0.0-5.0-0.7","MT-A1C5SQZ045W0L5","69.172.201.153","US","","<p>next syllable</p>","null","","","",""
"null","","audio-keyboard-response","54","334186","0.0-5.0-1.7","MT-A1C5SQZ045W0L5","69.172.201.153","US","","snd/pe2_1.wav","null","","","",""
"null","","audio-keyboard-response","55","334937","0.0-5.0-2.10-0.10","MT-A1C5SQZ045W0L5","69.172.201.153","US","","snd/pe2_1.wav","null","","","",""
"3398","","html-keyboard-response","56","338336","0.0-5.0-2.10-1.10","MT-A1C5SQZ045W0L5","69.172.201.153","US","","<p><strong>r</strong> to repeat,<br> <strong>any other</strong> to continue</p>","82","","","",""
"null","","audio-keyboard-response","57","338584","0.0-5.0-2.11-0.11","MT-A1C5SQZ045W0L5","69.172.201.153","US","","snd/pe2_1.wav","null","","","",""
"1391","","html-keyboard-response","58","339976","0.0-5.0-2.11-1.11","MT-A1C5SQZ045W0L5","69.172.201.153","US","","<p><strong>r</strong> to repeat,<br> <strong>any other</strong> to continue</p>","82","","","",""
"null","","audio-keyboard-response","59","340230","0.0-5.0-2.12-0.12","MT-A1C5SQZ045W0L5","69.172.201.153","US","","snd/pe2_1.wav","null","","","",""
"901","","html-keyboard-response","60","341132","0.0-5.0-2.12-1.12","MT-A1C5SQZ045W0L5","69.172.201.153","US","","<p><strong>r</strong> to repeat,<br> <strong>any other</strong> to continue</p>","82","","","",""
"null","","audio-keyboard-response","61","341407","0.0-5.0-2.13-0.13","MT-A1C5SQZ045W0L5","69.172.201.153","US","","snd/pe2_1.wav","null","","","",""
"1238","","html-keyboard-response","62","342647","0.0-5.0-2.13-1.13","MT-A1C5SQZ045W0L5","69.172.201.153","US","","<p><strong>r</strong> to repeat,<br> <strong>any other</strong> to continue</p>","82","","","",""
"null","","audio-keyboard-response","63","342901","0.0-5.0-2.14-0.14","MT-A1C5SQZ045W0L5","69.172.201.153","US","","snd/pe2_1.wav","null","","","",""
"1100","","html-keyboard-response","64","344003","0.0-5.0-2.14-1.14","MT-A1C5SQZ045W0L5","69.172.201.153","US","","<p><strong>r</strong> to repeat,<br> <strong>any other</strong> to continue</p>","82","","","",""
"null","","audio-keyboard-response","65","344252","0.0-5.0-2.15-0.15","MT-A1C5SQZ045W0L5","69.172.201.153","US","","snd/pe2_1.wav","null","","","",""
"2844","","html-keyboard-response","66","347097","0.0-5.0-2.15-1.15","MT-A1C5SQZ045W0L5","69.172.201.153","US","","<p><strong>r</strong> to repeat,<br> <strong>any other</strong> to continue</p>","71","","","",""
"26736","","survey-text","67","373836","0.0-5.0-3.7","MT-A1C5SQZ045W0L5","69.172.201.153","US","","","","","","{""Q0"":""fay""}",""
"3454","","audio-keyboard-response","68","377298","0.0-5.0-4.7","MT-A1C5SQZ045W0L5","69.172.201.153","US","","snd/pe2_1.wav","49","","","","typicality"
"null","","html-keyboard-response","69","378302","0.0-5.0-0.8","MT-A1C5SQZ045W0L5","69.172.201.153","US","","<p>next syllable</p>","null","","","",""
"null","","audio-keyboard-response","70","378558","0.0-5.0-1.8","MT-A1C5SQZ045W0L5","69.172.201.153","US","","snd/so2_0.wav","null","","","",""
"null","","audio-keyboard-response","71","379309","0.0-5.0-2.16-0.16","MT-A1C5SQZ045W0L5","69.172.201.153","US","","snd/so2_0.wav","null","","","",""
"2532","","html-keyboard-response","72","381842","0.0-5.0-2.16-1.16","MT-A1C5SQZ045W0L5","69.172.201.153","US","","<p><strong>r</strong> to repeat,<br> <strong>any other</strong> to continue</p>","82","","","",""
"null","","audio-keyboard-response","73","382096","0.0-5.0-2.17-0.17","MT-A1C5SQZ045W0L5","69.172.201.153","US","","snd/so2_0.wav","null","","","",""
"1406","","html-keyboard-response","74","383504","0.0-5.0-2.17-1.17","MT-A1C5SQZ045W0L5","69.172.201.153","US","","<p><strong>r</strong> to repeat,<br> <strong>any other</strong> to continue</p>","82","","","",""
"null","","audio-keyboard-response","75","383756","0.0-5.0-2.18-0.18","MT-A1C5SQZ045W0L5","69.172.201.153","US","","snd/so2_0.wav","null","","","",""
"2653","","html-keyboard-response","76","386411","0.0-5.0-2.18-1.18","MT-A1C5SQZ045W0L5","69.172.201.153","US","","<p><strong>r</strong> to repeat,<br> <strong>any other</strong> to continue</p>","68","","","",""
"14778","","survey-text","77","401192","0.0-5.0-3.8","MT-A1C5SQZ045W0L5","69.172.201.153","US","","","","","","{""Q0"":""Fu""}",""
"3059","","audio-keyboard-response","78","404255","0.0-5.0-4.8","MT-A1C5SQZ045W0L5","69.172.201.153","US","","snd/so2_0.wav","50","","","","typicality"
"null","","html-keyboard-response","79","405259","0.0-5.0-0.9","MT-A1C5SQZ045W0L5","69.172.201.153","US","","<p>next syllable</p>","null","","","",""
"null","","audio-keyboard-response","80","405515","0.0-5.0-1.9","MT-A1C5SQZ045W0L5","69.172.201.153","US","","snd/to.wav","null","","","",""
"null","","audio-keyboard-response","81","406266","0.0-5.0-2.19-0.19","MT-A1C5SQZ045W0L5","69.172.201.153","US","","snd/to.wav","null","","","",""
"2667","","html-keyboard-response","82","408934","0.0-5.0-2.19-1.19","MT-A1C5SQZ045W0L5","69.172.201.153","US","","<p><strong>r</strong> to repeat,<br> <strong>any other</strong> to continue</p>","68","","","",""
"4788","","survey-text","83","413726","0.0-5.0-3.9","MT-A1C5SQZ045W0L5","69.172.201.153","US","","","","","","{""Q0"":""do""}",""
"2682","","audio-keyboard-response","84","416414","0.0-5.0-4.9","MT-A1C5SQZ045W0L5","69.172.201.153","US","","snd/to.wav","51","","","","typicality"
"null","","html-keyboard-response","85","417421","0.0-5.0-0.10","MT-A1C5SQZ045W0L5","69.172.201.153","US","","<p>next syllable</p>","null","","","",""
"null","","audio-keyboard-response","86","417675","0.0-5.0-1.10","MT-A1C5SQZ045W0L5","69.172.201.153","US","","snd/li.wav","null","","","",""
"null","","audio-keyboard-response","87","418427","0.0-5.0-2.20-0.20","MT-A1C5SQZ045W0L5","69.172.201.153","US","","snd/li.wav","null","","","",""
"2383","","html-keyboard-response","88","420815","0.0-5.0-2.20-1.20","MT-A1C5SQZ045W0L5","69.172.201.153","US","","<p><strong>r</strong> to repeat,<br> <strong>any other</strong> to continue</p>","71","","","",""
"4969","","survey-text","89","425787","0.0-5.0-3.10","MT-A1C5SQZ045W0L5","69.172.201.153","US","","","","","","{""Q0"":""lee""}",""
"2467","","audio-keyboard-response","90","428259","0.0-5.0-4.10","MT-A1C5SQZ045W0L5","69.172.201.153","US","","snd/li.wav","52","","","","typicality"
"null","","html-keyboard-response","91","429266","0.0-5.0-0.11","MT-A1C5SQZ045W0L5","69.172.201.153","US","","<p>next syllable</p>","null","","","",""
"null","","audio-keyboard-response","92","429520","0.0-5.0-1.11","MT-A1C5SQZ045W0L5","69.172.201.153","US","","snd/ma.wav","null","","","",""
"null","","audio-keyboard-response","93","430271","0.0-5.0-2.21-0.21","MT-A1C5SQZ045W0L5","69.172.201.153","US","","snd/ma.wav","null","","","",""
"3266","","html-keyboard-response","94","433538","0.0-5.0-2.21-1.21","MT-A1C5SQZ045W0L5","69.172.201.153","US","","<p><strong>r</strong> to repeat,<br> <strong>any other</strong> to continue</p>","71","","","",""
"5658","","survey-text","95","439199","0.0-5.0-3.11","MT-A1C5SQZ045W0L5","69.172.201.153","US","","","","","","{""Q0"":""ma""}",""
"3210","","audio-keyboard-response","96","442411","0.0-5.0-4.11","MT-A1C5SQZ045W0L5","69.172.201.153","US","","snd/ma.wav","54","","","","typicality"
"null","","html-keyboard-response","97","443421","0.0-5.0-0.12","MT-A1C5SQZ045W0L5","69.172.201.153","US","","<p>next syllable</p>","null","","","",""
"null","","audio-keyboard-response","98","443688","0.0-5.0-1.12","MT-A1C5SQZ045W0L5","69.172.201.153","US","","snd/pu3_1.wav","null","","","",""
"null","","audio-keyboard-response","99","444450","0.0-5.0-2.22-0.22","MT-A1C5SQZ045W0L5","69.172.201.153","US","","snd/pu3_1.wav","null","","","",""
"2066","","html-keyboard-response","100","446516","0.0-5.0-2.22-1.22","MT-A1C5SQZ045W0L5","69.172.201.153","US","","<p><strong>r</strong> to repeat,<br> <strong>any other</strong> to continue</p>","82","","","",""
"null","","audio-keyboard-response","101","446765","0.0-5.0-2.23-0.23","MT-A1C5SQZ045W0L5","69.172.201.153","US","","snd/pu3_1.wav","null","","","",""
"974","","html-keyboard-response","102","447741","0.0-5.0-2.23-1.23","MT-A1C5SQZ045W0L5","69.172.201.153","US","","<p><strong>r</strong> to repeat,<br> <strong>any other</strong> to continue</p>","82","","","",""
"null","","audio-keyboard-response","103","447995","0.0-5.0-2.24-0.24","MT-A1C5SQZ045W0L5","69.172.201.153","US","","snd/pu3_1.wav","null","","","",""
"1014","","html-keyboard-response","104","449009","0.0-5.0-2.24-1.24","MT-A1C5SQZ045W0L5","69.172.201.153","US","","<p><strong>r</strong> to repeat,<br> <strong>any other</strong> to continue</p>","82","","","",""
"null","","audio-keyboard-response","105","449265","0.0-5.0-2.25-0.25","MT-A1C5SQZ045W0L5","69.172.201.153","US","","snd/pu3_1.wav","null","","","",""
"3073","","html-keyboard-response","106","452338","0.0-5.0-2.25-1.25","MT-A1C5SQZ045W0L5","69.172.201.153","US","","<p><strong>r</strong> to repeat,<br> <strong>any other</strong> to continue</p>","70","","","",""
"5389","","survey-text","107","457730","0.0-5.0-3.12","MT-A1C5SQZ045W0L5","69.172.201.153","US","","","","","","{""Q0"":""who""}",""
"2194","","audio-keyboard-response","108","459927","0.0-5.0-4.12","MT-A1C5SQZ045W0L5","69.172.201.153","US","","snd/pu3_1.wav","52","","","","typicality"
"null","","html-keyboard-response","109","460944","0.0-5.0-0.13","MT-A1C5SQZ045W0L5","69.172.201.153","US","","<p>next syllable</p>","null","","","",""
"null","","audio-keyboard-response","110","461191","0.0-5.0-1.13","MT-A1C5SQZ045W0L5","69.172.201.153","US","","snd/ke.wav","null","","","",""
"null","","audio-keyboard-response","111","461953","0.0-5.0-2.26-0.26","MT-A1C5SQZ045W0L5","69.172.201.153","US","","snd/ke.wav","null","","","",""
"3156","","html-keyboard-response","112","465111","0.0-5.0-2.26-1.26","MT-A1C5SQZ045W0L5","69.172.201.153","US","","<p><strong>r</strong> to repeat,<br> <strong>any other</strong> to continue</p>","75","","","",""
"7410","","survey-text","113","472524","0.0-5.0-3.13","MT-A1C5SQZ045W0L5","69.172.201.153","US","","","","","","{""Q0"":""kay""}",""
"3048","","audio-keyboard-response","114","475585","0.0-5.0-4.13","MT-A1C5SQZ045W0L5","69.172.201.153","US","","snd/ke.wav","50","","","","typicality"
"null","","html-keyboard-response","115","476589","0.0-5.0-0.14","MT-A1C5SQZ045W0L5","69.172.201.153","US","","<p>next syllable</p>","null","","","",""
"null","","audio-keyboard-response","116","476845","0.0-5.0-1.14","MT-A1C5SQZ045W0L5","69.172.201.153","US","","snd/ta2_1.wav","null","","","",""
"null","","audio-keyboard-response","117","477597","0.0-5.0-2.27-0.27","MT-A1C5SQZ045W0L5","69.172.201.153","US","","snd/ta2_1.wav","null","","","",""
"3331","","html-keyboard-response","118","480930","0.0-5.0-2.27-1.27","MT-A1C5SQZ045W0L5","69.172.201.153","US","","<p><strong>r</strong> to repeat,<br> <strong>any other</strong> to continue</p>","68","","","",""
"7112","","survey-text","119","488045","0.0-5.0-3.14","MT-A1C5SQZ045W0L5","69.172.201.153","US","","","","","","{""Q0"":""da""}",""
"2519","","audio-keyboard-response","120","490567","0.0-5.0-4.14","MT-A1C5SQZ045W0L5","69.172.201.153","US","","snd/ta2_1.wav","54","","","","typicality"
"null","","html-keyboard-response","121","491571","0.0-5.0-0.15","MT-A1C5SQZ045W0L5","69.172.201.153","US","","<p>next syllable</p>","null","","","",""
"null","","audio-keyboard-response","122","491818","0.0-5.0-1.15","MT-A1C5SQZ045W0L5","69.172.201.153","US","","snd/fa.wav","null","","","",""
"null","","audio-keyboard-response","123","492570","0.0-5.0-2.28-0.28","MT-A1C5SQZ045W0L5","69.172.201.153","US","","snd/fa.wav","null","","","",""
"2922","","html-keyboard-response","124","495493","0.0-5.0-2.28-1.28","MT-A1C5SQZ045W0L5","69.172.201.153","US","","<p><strong>r</strong> to repeat,<br> <strong>any other</strong> to continue</p>","70","","","",""
"4100","","survey-text","125","499597","0.0-5.0-3.15","MT-A1C5SQZ045W0L5","69.172.201.153","US","","","","","","{""Q0"":""fa""}",""
"3434","","audio-keyboard-response","126","503036","0.0-5.0-4.15","MT-A1C5SQZ045W0L5","69.172.201.153","US","","snd/fa.wav","52","","","","typicality"
"null","","html-keyboard-response","127","504056","0.0-5.0-0.16","MT-A1C5SQZ045W0L5","69.172.201.153","US","","<p>next syllable</p>","null","","","",""
"null","","audio-keyboard-response","128","504305","0.0-5.0-1.16","MT-A1C5SQZ045W0L5","69.172.201.153","US","","snd/no.wav","null","","","",""
"null","","audio-keyboard-response","129","505067","0.0-5.0-2.29-0.29","MT-A1C5SQZ045W0L5","69.172.201.153","US","","snd/no.wav","null","","","",""
"1921","","html-keyboard-response","130","506990","0.0-5.0-2.29-1.29","MT-A1C5SQZ045W0L5","69.172.201.153","US","","<p><strong>r</strong> to repeat,<br> <strong>any other</strong> to continue</p>","82","","","",""
"null","","audio-keyboard-response","131","507241","0.0-5.0-2.30-0.30","MT-A1C5SQZ045W0L5","69.172.201.153","US","","snd/no.wav","null","","","",""
"2267","","html-keyboard-response","132","509509","0.0-5.0-2.30-1.30","MT-A1C5SQZ045W0L5","69.172.201.153","US","","<p><strong>r</strong> to repeat,<br> <strong>any other</strong> to continue</p>","78","","","",""
"4589","","survey-text","133","514100","0.0-5.0-3.16","MT-A1C5SQZ045W0L5","69.172.201.153","US","","","","","","{""Q0"":""no""}",""
"2752","","audio-keyboard-response","134","516856","0.0-5.0-4.16","MT-A1C5SQZ045W0L5","69.172.201.153","US","","snd/no.wav","54","","","","typicality"
"null","","html-keyboard-response","135","517863","0.0-5.0-0.17","MT-A1C5SQZ045W0L5","69.172.201.153","US","","<p>next syllable</p>","null","","","",""
"null","","audio-keyboard-response","136","518111","0.0-5.0-1.17","MT-A1C5SQZ045W0L5","69.172.201.153","US","","snd/si1_0.wav","null","","","",""
"null","","audio-keyboard-response","137","518873","0.0-5.0-2.31-0.31","MT-A1C5SQZ045W0L5","69.172.201.153","US","","snd/si1_0.wav","null","","","",""
"2502","","html-keyboard-response","138","521375","0.0-5.0-2.31-1.31","MT-A1C5SQZ045W0L5","69.172.201.153","US","","<p><strong>r</strong> to repeat,<br> <strong>any other</strong> to continue</p>","70","","","",""
"3340","","survey-text","139","524720","0.0-5.0-3.17","MT-A1C5SQZ045W0L5","69.172.201.153","US","","","","","","{""Q0"":""fee""}",""
"2348","","audio-keyboard-response","140","527066","0.0-5.0-4.17","MT-A1C5SQZ045W0L5","69.172.201.153","US","","snd/si1_0.wav","52","","","","typicality"
"null","","html-keyboard-response","141","528078","0.0-5.0-0.18","MT-A1C5SQZ045W0L5","69.172.201.153","US","","<p>next syllable</p>","null","","","",""
"null","","audio-keyboard-response","142","528330","0.0-5.0-1.18","MT-A1C5SQZ045W0L5","69.172.201.153","US","","snd/ka.wav","null","","","",""
"null","","audio-keyboard-response","143","529092","0.0-5.0-2.32-0.32","MT-A1C5SQZ045W0L5","69.172.201.153","US","","snd/ka.wav","null","","","",""
"1768","","html-keyboard-response","144","530861","0.0-5.0-2.32-1.32","MT-A1C5SQZ045W0L5","69.172.201.153","US","","<p><strong>r</strong> to repeat,<br> <strong>any other</strong> to continue</p>","82","","","",""
"null","","audio-keyboard-response","145","531114","0.0-5.0-2.33-0.33","MT-A1C5SQZ045W0L5","69.172.201.153","US","","snd/ka.wav","null","","","",""
"1027","","html-keyboard-response","146","532141","0.0-5.0-2.33-1.33","MT-A1C5SQZ045W0L5","69.172.201.153","US","","<p><strong>r</strong> to repeat,<br> <strong>any other</strong> to continue</p>","82","","","",""
"null","","audio-keyboard-response","147","532394","0.0-5.0-2.34-0.34","MT-A1C5SQZ045W0L5","69.172.201.153","US","","snd/ka.wav","null","","","",""
"2082","","html-keyboard-response","148","534476","0.0-5.0-2.34-1.34","MT-A1C5SQZ045W0L5","69.172.201.153","US","","<p><strong>r</strong> to repeat,<br> <strong>any other</strong> to continue</p>","68","","","",""
"4265","","survey-text","149","538744","0.0-5.0-3.18","MT-A1C5SQZ045W0L5","69.172.201.153","US","","","","","","{""Q0"":""fa""}",""
"2499","","audio-keyboard-response","150","541243","0.0-5.0-4.18","MT-A1C5SQZ045W0L5","69.172.201.153","US","","snd/ka.wav","51","","","","typicality"
"null","","html-keyboard-response","151","542246","0.0-5.0-0.19","MT-A1C5SQZ045W0L5","69.172.201.153","US","","<p>next syllable</p>","null","","","",""
"null","","audio-keyboard-response","152","542502","0.0-5.0-1.19","MT-A1C5SQZ045W0L5","69.172.201.153","US","","snd/pa2_0.wav","null","","","",""
"null","","audio-keyboard-response","153","543253","0.0-5.0-2.35-0.35","MT-A1C5SQZ045W0L5","69.172.201.153","US","","snd/pa2_0.wav","null","","","",""
"2108","","html-keyboard-response","154","545361","0.0-5.0-2.35-1.35","MT-A1C5SQZ045W0L5","69.172.201.153","US","","<p><strong>r</strong> to repeat,<br> <strong>any other</strong> to continue</p>","70","","","",""
"4343","","survey-text","155","549707","0.0-5.0-3.19","MT-A1C5SQZ045W0L5","69.172.201.153","US","","","","","","{""Q0"":""fa""}",""
"6005","","audio-keyboard-response","156","555713","0.0-5.0-4.19","MT-A1C5SQZ045W0L5","69.172.201.153","US","","snd/pa2_0.wav","51","","","","typicality"
"null","","html-keyboard-response","157","556722","0.0-5.0-0.20","MT-A1C5SQZ045W0L5","69.172.201.153","US","","<p>next syllable</p>","null","","","",""
"null","","audio-keyboard-response","158","556977","0.0-5.0-1.20","MT-A1C5SQZ045W0L5","69.172.201.153","US","","snd/me2_0.wav","null","","","",""
"null","","audio-keyboard-response","159","557728","0.0-5.0-2.36-0.36","MT-A1C5SQZ045W0L5","69.172.201.153","US","","snd/me2_0.wav","null","","","",""
"1332","","html-keyboard-response","160","559062","0.0-5.0-2.36-1.36","MT-A1C5SQZ045W0L5","69.172.201.153","US","","<p><strong>r</strong> to repeat,<br> <strong>any other</strong> to continue</p>","51","","","",""
"7573","","survey-text","161","566637","0.0-5.0-3.20","MT-A1C5SQZ045W0L5","69.172.201.153","US","","","","","","{""Q0"":""may""}",""
"3474","","audio-keyboard-response","162","570111","0.0-5.0-4.20","MT-A1C5SQZ045W0L5","69.172.201.153","US","","snd/me2_0.wav","51","","","","typicality"
"null","","html-keyboard-response","163","571120","0.0-5.0-0.21","MT-A1C5SQZ045W0L5","69.172.201.153","US","","<p>next syllable</p>","null","","","",""
"null","","audio-keyboard-response","164","571369","0.0-5.0-1.21","MT-A1C5SQZ045W0L5","69.172.201.153","US","","snd/fe.wav","null","","","",""
"null","","audio-keyboard-response","165","572131","0.0-5.0-2.37-0.37","MT-A1C5SQZ045W0L5","69.172.201.153","US","","snd/fe.wav","null","","","",""
"2981","","html-keyboard-response","166","575112","0.0-5.0-2.37-1.37","MT-A1C5SQZ045W0L5","69.172.201.153","US","","<p><strong>r</strong> to repeat,<br> <strong>any other</strong> to continue</p>","82","","","",""
"null","","audio-keyboard-response","167","575362","0.0-5.0-2.38-0.38","MT-A1C5SQZ045W0L5","69.172.201.153","US","","snd/fe.wav","null","","","",""
"842","","html-keyboard-response","168","576204","0.0-5.0-2.38-1.38","MT-A1C5SQZ045W0L5","69.172.201.153","US","","<p><strong>r</strong> to repeat,<br> <strong>any other</strong> to continue</p>","82","","","",""
"null","","audio-keyboard-response","169","576459","0.0-5.0-2.39-0.39","MT-A1C5SQZ045W0L5","69.172.201.153","US","","snd/fe.wav","null","","","",""
"463","","html-keyboard-response","170","576923","0.0-5.0-2.39-1.39","MT-A1C5SQZ045W0L5","69.172.201.153","US","","<p><strong>r</strong> to repeat,<br> <strong>any other</strong> to continue</p>","82","","","",""
"null","","audio-keyboard-response","171","577171","0.0-5.0-2.40-0.40","MT-A1C5SQZ045W0L5","69.172.201.153","US","","snd/fe.wav","null","","","",""
"343","","html-keyboard-response","172","577515","0.0-5.0-2.40-1.40","MT-A1C5SQZ045W0L5","69.172.201.153","US","","<p><strong>r</strong> to repeat,<br> <strong>any other</strong> to continue</p>","82","","","",""
"null","","audio-keyboard-response","173","577789","0.0-5.0-2.41-0.41","MT-A1C5SQZ045W0L5","69.172.201.153","US","","snd/fe.wav","null","","","",""
"1463","","html-keyboard-response","174","579254","0.0-5.0-2.41-1.41","MT-A1C5SQZ045W0L5","69.172.201.153","US","","<p><strong>r</strong> to repeat,<br> <strong>any other</strong> to continue</p>","70","","","",""
"6035","","survey-text","175","585294","0.0-5.0-3.21","MT-A1C5SQZ045W0L5","69.172.201.153","US","","","","","","{""Q0"":""fee""}",""
"4206","","audio-keyboard-response","176","589506","0.0-5.0-4.21","MT-A1C5SQZ045W0L5","69.172.201.153","US","","snd/fe.wav","51","","","","typicality"
